{
    "VCTE":{
            "LS": {
                "mean": 25.619820828667415, 
                "std": 16.53317222508627
            }, 
            "SS": {
                "mean": 50.746395759717316, 
                "std": 18.852318077620986
            }
        }, 
    "P-SWE": {
            "LS": {
                "mean": 20.813925925925925, 
                "std": 17.61897750077829
            }, 
            "SS": {
                "mean": 40.13924242424242, 
                "std": 23.07731792184096
            }
        }, 
    "2D-SWE": {
        "LS": {
            "mean": 22.619836065573768, 
            "std": 13.679406979178026
        }, 
        "SS": {
            "mean": 34.016666666666666, 
            "std": 13.895442425046902
            }
        }
}
